alt,src
I Love Boyz!,iloveboyz.gif
Miku Fan!!!,mikufan.gif
Asexual Pride,acepride.gif
Anxiety,anxiety.png
Art,art.png
Artist,artist.gif
Intimidating Horse,awesomeintimidatinghorse.gif
Bad Website Design!,baddesign.gif
Bite me. :),biteme.gif
I right click,blinkie-i-right-click.gif
I view source,blinkie-i-view-source.gif
Bone Lover,bonelover.gif
Caffeinated Existence,caffeinated.gif
Cannibalism,cannibalism2.gif
Cannibalism,cannibalismblinkie.gif
Carnivorous Plants!,carnivorousplants.gif
Cringe But Free,cringebutfree2.gif
Death,death.gif
Deltarune,deltarune.webp
Derpy,derpyblinkie.gif
Divorce between Spamton and Tenna,divore.gif
Dumbass Rights!,dumbass.gif
Stick Your Dick in the DVD Slot,dvdslot.gif
Fluttershy,fluttershyblinkie.gif
Freaky Fabulous,freakyfab.gif
Fuck Ice,fuckice.gif
Fuck The Dead,fuckthedead.gif
Gay Pride,gaypride.gif
GoreWhore,gorewhore.gif
I was an Honor Student. I don't know what happened.,honorstudent.png
"Toil, worms",toilworms.gif
I love gay sex,i_love_gay_sex.gif
I love yaoi,i_love_yaoi.gif
I bite,ibite3.gif
I Have No Mouth and I Must Scream,ihnmaims.gif
I love you guys,iloveyouguys.gif
"I miss my wife, tails",IMisssMyWife.gif
Juice,juice.gif
Life is a Party,lifeisaparty.gif
Melonland Forum,MelonForum.gif
Mentally Tired,mentally_tired.gif
Miku dancing,mikublinkie.gif
My Little Pony,mlpblinkie.gif
I ❤ Mushrooms,mushrooms.gif
Neigh,neigh.gif
Non-binary Pride,nonbinary.gif
Pondering My Orb,pondering my orb.gif
You say 'rats' like it's a bad thing,rats.gif
Skeleton,skeleton.gif
Smut Writer,smutwriter.gif
Staying Silly,stayingsilly.gif
T4T Forever,t4tforever.gif
Trans Rights,transrights.gif
Two Trucks Having Sex,twotrucks.gif
Works on my Machine,worksonmy.gif
Worm,wormwhite.gif
I'm such a worry wart,worry_wort.gif
Yippee!,yippee.gif
